{
  "generatedBy": "Microsoft.NET.Sdk.Functions-3.0.13",
  "configurationSource": "attributes",
  "bindings": [
    {
      "type": "kafkaTrigger",
      "username": "%KafkaUsername%",
      "password": "%KafkaPassword%",
      "protocol": "saslSsl",
      "authenticationMode": "plain",
      "consumerGroup": "$Default",
      "topic": "%TopicName%",
      "brokerList": "%KafkaBroker%",
      "lagThreshold": 1000,
      "name": "events"
    }
  ],
  "disabled": false,
  "scriptFile": "../bin/KafkaToLogAnalyticsFunction.dll",
  "entryPoint": "KafkaToLogAnalyticsFunction.KafkaToLogAnalytics.Run"
}