{
  "generatedBy": "Microsoft.NET.Sdk.Functions-3.0.13",
  "configurationSource": "attributes",
  "bindings": [
    {
      "type": "kafkaTrigger",
      "protocol": "plaintext",
      "consumerGroup": "$Default",
      "topic": "%TopicName2%",
      "brokerList": "%KafkaBroker%",
      "authenticationMode": "notSet",
      "lagThreshold": 1000,
      "name": "events"
    }
  ],
  "disabled": false,
  "scriptFile": "../bin/KafkaToLogAnalyticsFunction.dll",
  "entryPoint": "KafkaToLogAnalyticsFunction.KafkaToLogAnalytics2.Run"
}